Review_Text,Sentiment
Air conditioning failed during peak summer heat. Replacement parts took six weeks to arrive.,0
Fuel mileage is nowhere near the advertised sticker rating. Very disappointing purchase.,0
Terrible transmission hesitation and constant infotainment freezing. Regret buying this car.,0
Unresponsive touchscreen display and navigation system frequently crashes during trips.,0
"Smooth suspension, whisper quiet cabin, and very comfortable seats on long road trips.",1
Poor build quality with noticeable exterior panel gaps and annoying window wind leaks.,0
"Exceeded all my expectations for comfort, modern styling, and quiet highway performance.",1
Fuel mileage is nowhere near the advertised sticker rating. Very disappointing purchase.,0
"Exceeded all my expectations for comfort, modern styling, and quiet highway performance.",1
Spacious cargo capacity and generous legroom for the entire family. Five star vehicle!,1
Terrible transmission hesitation and constant infotainment freezing. Regret buying this car.,0
Severe engine oil consumption and check engine light came on twice in three months.,0
"Exceeded all my expectations for comfort, modern styling, and quiet highway performance.",1
Premium interior build quality with intuitive infotainment touch controls and crisp sound system.,1
Brakes squeal loudly after only 5000 miles. Dealership service was completely unhelpful.,0
Premium interior build quality with intuitive infotainment touch controls and crisp sound system.,1
Suspension is uncomfortably stiff over minor road bumps. Causes severe driver fatigue.,0
Air conditioning failed during peak summer heat. Replacement parts took six weeks to arrive.,0
"Smooth suspension, whisper quiet cabin, and very comfortable seats on long road trips.",1
Suspension is uncomfortably stiff over minor road bumps. Causes severe driver fatigue.,0
Clutch slips under moderate acceleration and reverse gear frequently grinds. Avoid this model.,0
"Exceeded all my expectations for comfort, modern styling, and quiet highway performance.",1
Brakes squeal loudly after only 5000 miles. Dealership service was completely unhelpful.,0
Extremely noisy cabin at highway speeds and cheap rattling plastic dashboard panels.,0
Terrible transmission hesitation and constant infotainment freezing. Regret buying this car.,0
Air conditioning failed during peak summer heat. Replacement parts took six weeks to arrive.,0
Fuel mileage is nowhere near the advertised sticker rating. Very disappointing purchase.,0
Outstanding reliability and smooth transmission. Best vehicle purchase I have ever made.,1
Suspension is uncomfortably stiff over minor road bumps. Causes severe driver fatigue.,0
Poor build quality with noticeable exterior panel gaps and annoying window wind leaks.,0
Outstanding reliability and smooth transmission. Best vehicle purchase I have ever made.,1
Incredible electric range and instant torque response. Charging at home is seamless and fast.,1
Suspension is uncomfortably stiff over minor road bumps. Causes severe driver fatigue.,0
Poor build quality with noticeable exterior panel gaps and annoying window wind leaks.,0
Engine runs silky smooth with impressive fuel efficiency. Highly recommended for daily commuting.,1
Fuel mileage is nowhere near the advertised sticker rating. Very disappointing purchase.,0
Brakes squeal loudly after only 5000 miles. Dealership service was completely unhelpful.,0
"Exceeded all my expectations for comfort, modern styling, and quiet highway performance.",1
Superb safety features and adaptive cruise control makes highway driving completely effortless.,1
Superb safety features and adaptive cruise control makes highway driving completely effortless.,1
Spacious cargo capacity and generous legroom for the entire family. Five star vehicle!,1
Extremely noisy cabin at highway speeds and cheap rattling plastic dashboard panels.,0
Severe engine oil consumption and check engine light came on twice in three months.,0
Terrible transmission hesitation and constant infotainment freezing. Regret buying this car.,0
Fantastic steering feedback and tight cornering grip. Truly a joy to drive every day.,1
Spacious cargo capacity and generous legroom for the entire family. Five star vehicle!,1
Brakes squeal loudly after only 5000 miles. Dealership service was completely unhelpful.,0
Spacious cargo capacity and generous legroom for the entire family. Five star vehicle!,1
Incredible electric range and instant torque response. Charging at home is seamless and fast.,1
Fantastic steering feedback and tight cornering grip. Truly a joy to drive every day.,1
Fuel mileage is nowhere near the advertised sticker rating. Very disappointing purchase.,0
Unresponsive touchscreen display and navigation system frequently crashes during trips.,0
Fuel mileage is nowhere near the advertised sticker rating. Very disappointing purchase.,0
Unresponsive touchscreen display and navigation system frequently crashes during trips.,0
"Exceeded all my expectations for comfort, modern styling, and quiet highway performance.",1
Outstanding reliability and smooth transmission. Best vehicle purchase I have ever made.,1
Severe engine oil consumption and check engine light came on twice in three months.,0
Terrible transmission hesitation and constant infotainment freezing. Regret buying this car.,0
The acceleration and highway handling on this SUV are phenomenal! Fuel economy exceeded expectations.,1
Poor build quality with noticeable exterior panel gaps and annoying window wind leaks.,0
Superb safety features and adaptive cruise control makes highway driving completely effortless.,1
Spacious cargo capacity and generous legroom for the entire family. Five star vehicle!,1
Severe engine oil consumption and check engine light came on twice in three months.,0
Clutch slips under moderate acceleration and reverse gear frequently grinds. Avoid this model.,0
"Exceeded all my expectations for comfort, modern styling, and quiet highway performance.",1
Premium interior build quality with intuitive infotainment touch controls and crisp sound system.,1
Outstanding reliability and smooth transmission. Best vehicle purchase I have ever made.,1
"Exceeded all my expectations for comfort, modern styling, and quiet highway performance.",1
Premium interior build quality with intuitive infotainment touch controls and crisp sound system.,1
"Smooth suspension, whisper quiet cabin, and very comfortable seats on long road trips.",1
Terrible transmission hesitation and constant infotainment freezing. Regret buying this car.,0
Engine runs silky smooth with impressive fuel efficiency. Highly recommended for daily commuting.,1
"Exceeded all my expectations for comfort, modern styling, and quiet highway performance.",1
"Smooth suspension, whisper quiet cabin, and very comfortable seats on long road trips.",1
Extremely noisy cabin at highway speeds and cheap rattling plastic dashboard panels.,0
Suspension is uncomfortably stiff over minor road bumps. Causes severe driver fatigue.,0
The acceleration and highway handling on this EV are phenomenal! Fuel economy exceeded expectations.,1
Brakes squeal loudly after only 5000 miles. Dealership service was completely unhelpful.,0
Spacious cargo capacity and generous legroom for the entire family. Five star vehicle!,1
Unresponsive touchscreen display and navigation system frequently crashes during trips.,0
Fuel mileage is nowhere near the advertised sticker rating. Very disappointing purchase.,0
Spacious cargo capacity and generous legroom for the entire family. Five star vehicle!,1
Extremely noisy cabin at highway speeds and cheap rattling plastic dashboard panels.,0
Poor build quality with noticeable exterior panel gaps and annoying window wind leaks.,0
Outstanding reliability and smooth transmission. Best vehicle purchase I have ever made.,1
Premium interior build quality with intuitive infotainment touch controls and crisp sound system.,1
Brakes squeal loudly after only 5000 miles. Dealership service was completely unhelpful.,0
Fantastic steering feedback and tight cornering grip. Truly a joy to drive every day.,1
Clutch slips under moderate acceleration and reverse gear frequently grinds. Avoid this model.,0
"Exceeded all my expectations for comfort, modern styling, and quiet highway performance.",1
Terrible transmission hesitation and constant infotainment freezing. Regret buying this car.,0
Poor build quality with noticeable exterior panel gaps and annoying window wind leaks.,0
Superb safety features and adaptive cruise control makes highway driving completely effortless.,1
Fuel mileage is nowhere near the advertised sticker rating. Very disappointing purchase.,0
Clutch slips under moderate acceleration and reverse gear frequently grinds. Avoid this model.,0
Suspension is uncomfortably stiff over minor road bumps. Causes severe driver fatigue.,0
Outstanding reliability and smooth transmission. Best vehicle purchase I have ever made.,1
Superb safety features and adaptive cruise control makes highway driving completely effortless.,1
Fuel mileage is nowhere near the advertised sticker rating. Very disappointing purchase.,0
Suspension is uncomfortably stiff over minor road bumps. Causes severe driver fatigue.,0
Incredible electric range and instant torque response. Charging at home is seamless and fast.,1
Terrible transmission hesitation and constant infotainment freezing. Regret buying this car.,0
Poor build quality with noticeable exterior panel gaps and annoying window wind leaks.,0
Brakes squeal loudly after only 5000 miles. Dealership service was completely unhelpful.,0
Terrible transmission hesitation and constant infotainment freezing. Regret buying this car.,0
Fantastic steering feedback and tight cornering grip. Truly a joy to drive every day.,1
Brakes squeal loudly after only 5000 miles. Dealership service was completely unhelpful.,0
Incredible electric range and instant torque response. Charging at home is seamless and fast.,1
Spacious cargo capacity and generous legroom for the entire family. Five star vehicle!,1
Engine runs silky smooth with impressive fuel efficiency. Highly recommended for daily commuting.,1
Terrible transmission hesitation and constant infotainment freezing. Regret buying this car.,0
Fantastic steering feedback and tight cornering grip. Truly a joy to drive every day.,1
Premium interior build quality with intuitive infotainment touch controls and crisp sound system.,1
Incredible electric range and instant torque response. Charging at home is seamless and fast.,1
Fantastic steering feedback and tight cornering grip. Truly a joy to drive every day.,1
Superb safety features and adaptive cruise control makes highway driving completely effortless.,1
Severe engine oil consumption and check engine light came on twice in three months.,0
Unresponsive touchscreen display and navigation system frequently crashes during trips.,0
"Exceeded all my expectations for comfort, modern styling, and quiet highway performance.",1
Outstanding reliability and smooth transmission. Best vehicle purchase I have ever made.,1
Terrible transmission hesitation and constant infotainment freezing. Regret buying this car.,0
Clutch slips under moderate acceleration and reverse gear frequently grinds. Avoid this model.,0
Engine runs silky smooth with impressive fuel efficiency. Highly recommended for daily commuting.,1
Air conditioning failed during peak summer heat. Replacement parts took six weeks to arrive.,0
"Exceeded all my expectations for comfort, modern styling, and quiet highway performance.",1
Spacious cargo capacity and generous legroom for the entire family. Five star vehicle!,1
The acceleration and highway handling on this truck are phenomenal! Fuel economy exceeded expectations.,1
Fantastic steering feedback and tight cornering grip. Truly a joy to drive every day.,1
Spacious cargo capacity and generous legroom for the entire family. Five star vehicle!,1
Air conditioning failed during peak summer heat. Replacement parts took six weeks to arrive.,0
Premium interior build quality with intuitive infotainment touch controls and crisp sound system.,1
Poor build quality with noticeable exterior panel gaps and annoying window wind leaks.,0
Fuel mileage is nowhere near the advertised sticker rating. Very disappointing purchase.,0
Premium interior build quality with intuitive infotainment touch controls and crisp sound system.,1
Outstanding reliability and smooth transmission. Best vehicle purchase I have ever made.,1
Brakes squeal loudly after only 5000 miles. Dealership service was completely unhelpful.,0
Brakes squeal loudly after only 5000 miles. Dealership service was completely unhelpful.,0
Spacious cargo capacity and generous legroom for the entire family. Five star vehicle!,1
Terrible transmission hesitation and constant infotainment freezing. Regret buying this car.,0
Brakes squeal loudly after only 5000 miles. Dealership service was completely unhelpful.,0
The acceleration and highway handling on this crossover are phenomenal! Fuel economy exceeded expectations.,1
"Smooth suspension, whisper quiet cabin, and very comfortable seats on long road trips.",1
Outstanding reliability and smooth transmission. Best vehicle purchase I have ever made.,1
Superb safety features and adaptive cruise control makes highway driving completely effortless.,1
Premium interior build quality with intuitive infotainment touch controls and crisp sound system.,1
Engine runs silky smooth with impressive fuel efficiency. Highly recommended for daily commuting.,1
Terrible transmission hesitation and constant infotainment freezing. Regret buying this car.,0
Clutch slips under moderate acceleration and reverse gear frequently grinds. Avoid this model.,0
Fantastic steering feedback and tight cornering grip. Truly a joy to drive every day.,1
Suspension is uncomfortably stiff over minor road bumps. Causes severe driver fatigue.,0
Poor build quality with noticeable exterior panel gaps and annoying window wind leaks.,0
Spacious cargo capacity and generous legroom for the entire family. Five star vehicle!,1
"Exceeded all my expectations for comfort, modern styling, and quiet highway performance.",1
Poor build quality with noticeable exterior panel gaps and annoying window wind leaks.,0
"Exceeded all my expectations for comfort, modern styling, and quiet highway performance.",1
Fuel mileage is nowhere near the advertised sticker rating. Very disappointing purchase.,0
Spacious cargo capacity and generous legroom for the entire family. Five star vehicle!,1
Spacious cargo capacity and generous legroom for the entire family. Five star vehicle!,1
Incredible electric range and instant torque response. Charging at home is seamless and fast.,1
Suspension is uncomfortably stiff over minor road bumps. Causes severe driver fatigue.,0
Clutch slips under moderate acceleration and reverse gear frequently grinds. Avoid this model.,0
Fantastic steering feedback and tight cornering grip. Truly a joy to drive every day.,1
Superb safety features and adaptive cruise control makes highway driving completely effortless.,1
"Smooth suspension, whisper quiet cabin, and very comfortable seats on long road trips.",1
Terrible transmission hesitation and constant infotainment freezing. Regret buying this car.,0
Incredible electric range and instant torque response. Charging at home is seamless and fast.,1
Extremely noisy cabin at highway speeds and cheap rattling plastic dashboard panels.,0
Terrible transmission hesitation and constant infotainment freezing. Regret buying this car.,0
Engine runs silky smooth with impressive fuel efficiency. Highly recommended for daily commuting.,1
Fuel mileage is nowhere near the advertised sticker rating. Very disappointing purchase.,0
"Exceeded all my expectations for comfort, modern styling, and quiet highway performance.",1
Extremely noisy cabin at highway speeds and cheap rattling plastic dashboard panels.,0
Spacious cargo capacity and generous legroom for the entire family. Five star vehicle!,1
Outstanding reliability and smooth transmission. Best vehicle purchase I have ever made.,1
Incredible electric range and instant torque response. Charging at home is seamless and fast.,1
Severe engine oil consumption and check engine light came on twice in three months.,0
Extremely noisy cabin at highway speeds and cheap rattling plastic dashboard panels.,0
Unresponsive touchscreen display and navigation system frequently crashes during trips.,0
Severe engine oil consumption and check engine light came on twice in three months.,0
Fantastic steering feedback and tight cornering grip. Truly a joy to drive every day.,1
Brakes squeal loudly after only 5000 miles. Dealership service was completely unhelpful.,0
Extremely noisy cabin at highway speeds and cheap rattling plastic dashboard panels.,0
"Exceeded all my expectations for comfort, modern styling, and quiet highway performance.",1
Terrible transmission hesitation and constant infotainment freezing. Regret buying this car.,0
Terrible transmission hesitation and constant infotainment freezing. Regret buying this car.,0
The acceleration and highway handling on this EV are phenomenal! Fuel economy exceeded expectations.,1
The acceleration and highway handling on this SUV are phenomenal! Fuel economy exceeded expectations.,1
Air conditioning failed during peak summer heat. Replacement parts took six weeks to arrive.,0
The acceleration and highway handling on this sedan are phenomenal! Fuel economy exceeded expectations.,1
Superb safety features and adaptive cruise control makes highway driving completely effortless.,1
Clutch slips under moderate acceleration and reverse gear frequently grinds. Avoid this model.,0
Fuel mileage is nowhere near the advertised sticker rating. Very disappointing purchase.,0
Extremely noisy cabin at highway speeds and cheap rattling plastic dashboard panels.,0
Superb safety features and adaptive cruise control makes highway driving completely effortless.,1
Spacious cargo capacity and generous legroom for the entire family. Five star vehicle!,1
Extremely noisy cabin at highway speeds and cheap rattling plastic dashboard panels.,0
Outstanding reliability and smooth transmission. Best vehicle purchase I have ever made.,1
Extremely noisy cabin at highway speeds and cheap rattling plastic dashboard panels.,0
Suspension is uncomfortably stiff over minor road bumps. Causes severe driver fatigue.,0
Clutch slips under moderate acceleration and reverse gear frequently grinds. Avoid this model.,0
Fuel mileage is nowhere near the advertised sticker rating. Very disappointing purchase.,0
Severe engine oil consumption and check engine light came on twice in three months.,0
Suspension is uncomfortably stiff over minor road bumps. Causes severe driver fatigue.,0
Air conditioning failed during peak summer heat. Replacement parts took six weeks to arrive.,0
"Smooth suspension, whisper quiet cabin, and very comfortable seats on long road trips.",1
Fuel mileage is nowhere near the advertised sticker rating. Very disappointing purchase.,0
Poor build quality with noticeable exterior panel gaps and annoying window wind leaks.,0
"Smooth suspension, whisper quiet cabin, and very comfortable seats on long road trips.",1
Clutch slips under moderate acceleration and reverse gear frequently grinds. Avoid this model.,0
Superb safety features and adaptive cruise control makes highway driving completely effortless.,1
Premium interior build quality with intuitive infotainment touch controls and crisp sound system.,1
Poor build quality with noticeable exterior panel gaps and annoying window wind leaks.,0
Clutch slips under moderate acceleration and reverse gear frequently grinds. Avoid this model.,0
The acceleration and highway handling on this hybrid are phenomenal! Fuel economy exceeded expectations.,1
Superb safety features and adaptive cruise control makes highway driving completely effortless.,1
Unresponsive touchscreen display and navigation system frequently crashes during trips.,0
Brakes squeal loudly after only 5000 miles. Dealership service was completely unhelpful.,0
Extremely noisy cabin at highway speeds and cheap rattling plastic dashboard panels.,0
Air conditioning failed during peak summer heat. Replacement parts took six weeks to arrive.,0
Poor build quality with noticeable exterior panel gaps and annoying window wind leaks.,0
Premium interior build quality with intuitive infotainment touch controls and crisp sound system.,1
Extremely noisy cabin at highway speeds and cheap rattling plastic dashboard panels.,0
Spacious cargo capacity and generous legroom for the entire family. Five star vehicle!,1
Terrible transmission hesitation and constant infotainment freezing. Regret buying this car.,0
Poor build quality with noticeable exterior panel gaps and annoying window wind leaks.,0
Suspension is uncomfortably stiff over minor road bumps. Causes severe driver fatigue.,0
Spacious cargo capacity and generous legroom for the entire family. Five star vehicle!,1
Brakes squeal loudly after only 5000 miles. Dealership service was completely unhelpful.,0
Severe engine oil consumption and check engine light came on twice in three months.,0
Brakes squeal loudly after only 5000 miles. Dealership service was completely unhelpful.,0
Extremely noisy cabin at highway speeds and cheap rattling plastic dashboard panels.,0
The acceleration and highway handling on this SUV are phenomenal! Fuel economy exceeded expectations.,1
Outstanding reliability and smooth transmission. Best vehicle purchase I have ever made.,1
Extremely noisy cabin at highway speeds and cheap rattling plastic dashboard panels.,0
Unresponsive touchscreen display and navigation system frequently crashes during trips.,0
Severe engine oil consumption and check engine light came on twice in three months.,0
Brakes squeal loudly after only 5000 miles. Dealership service was completely unhelpful.,0
Poor build quality with noticeable exterior panel gaps and annoying window wind leaks.,0
Fuel mileage is nowhere near the advertised sticker rating. Very disappointing purchase.,0
Outstanding reliability and smooth transmission. Best vehicle purchase I have ever made.,1
Engine runs silky smooth with impressive fuel efficiency. Highly recommended for daily commuting.,1
Terrible transmission hesitation and constant infotainment freezing. Regret buying this car.,0
Air conditioning failed during peak summer heat. Replacement parts took six weeks to arrive.,0
Suspension is uncomfortably stiff over minor road bumps. Causes severe driver fatigue.,0
Spacious cargo capacity and generous legroom for the entire family. Five star vehicle!,1
Incredible electric range and instant torque response. Charging at home is seamless and fast.,1
Suspension is uncomfortably stiff over minor road bumps. Causes severe driver fatigue.,0
Extremely noisy cabin at highway speeds and cheap rattling plastic dashboard panels.,0
Fantastic steering feedback and tight cornering grip. Truly a joy to drive every day.,1
Premium interior build quality with intuitive infotainment touch controls and crisp sound system.,1
Spacious cargo capacity and generous legroom for the entire family. Five star vehicle!,1
Incredible electric range and instant torque response. Charging at home is seamless and fast.,1
Air conditioning failed during peak summer heat. Replacement parts took six weeks to arrive.,0
Severe engine oil consumption and check engine light came on twice in three months.,0
Brakes squeal loudly after only 5000 miles. Dealership service was completely unhelpful.,0
Incredible electric range and instant torque response. Charging at home is seamless and fast.,1
Severe engine oil consumption and check engine light came on twice in three months.,0
Terrible transmission hesitation and constant infotainment freezing. Regret buying this car.,0
Premium interior build quality with intuitive infotainment touch controls and crisp sound system.,1
Incredible electric range and instant torque response. Charging at home is seamless and fast.,1
Brakes squeal loudly after only 5000 miles. Dealership service was completely unhelpful.,0
Unresponsive touchscreen display and navigation system frequently crashes during trips.,0
Unresponsive touchscreen display and navigation system frequently crashes during trips.,0
Incredible electric range and instant torque response. Charging at home is seamless and fast.,1
Poor build quality with noticeable exterior panel gaps and annoying window wind leaks.,0
Suspension is uncomfortably stiff over minor road bumps. Causes severe driver fatigue.,0
Premium interior build quality with intuitive infotainment touch controls and crisp sound system.,1
The acceleration and highway handling on this EV are phenomenal! Fuel economy exceeded expectations.,1
Premium interior build quality with intuitive infotainment touch controls and crisp sound system.,1
Premium interior build quality with intuitive infotainment touch controls and crisp sound system.,1
Poor build quality with noticeable exterior panel gaps and annoying window wind leaks.,0
Outstanding reliability and smooth transmission. Best vehicle purchase I have ever made.,1
Unresponsive touchscreen display and navigation system frequently crashes during trips.,0
Spacious cargo capacity and generous legroom for the entire family. Five star vehicle!,1
Outstanding reliability and smooth transmission. Best vehicle purchase I have ever made.,1
Extremely noisy cabin at highway speeds and cheap rattling plastic dashboard panels.,0
Spacious cargo capacity and generous legroom for the entire family. Five star vehicle!,1
Terrible transmission hesitation and constant infotainment freezing. Regret buying this car.,0
The acceleration and highway handling on this hybrid are phenomenal! Fuel economy exceeded expectations.,1
Terrible transmission hesitation and constant infotainment freezing. Regret buying this car.,0
"Smooth suspension, whisper quiet cabin, and very comfortable seats on long road trips.",1
Engine runs silky smooth with impressive fuel efficiency. Highly recommended for daily commuting.,1
"Exceeded all my expectations for comfort, modern styling, and quiet highway performance.",1
Incredible electric range and instant torque response. Charging at home is seamless and fast.,1
Severe engine oil consumption and check engine light came on twice in three months.,0
"Smooth suspension, whisper quiet cabin, and very comfortable seats on long road trips.",1
Air conditioning failed during peak summer heat. Replacement parts took six weeks to arrive.,0
Poor build quality with noticeable exterior panel gaps and annoying window wind leaks.,0
Superb safety features and adaptive cruise control makes highway driving completely effortless.,1
"Smooth suspension, whisper quiet cabin, and very comfortable seats on long road trips.",1
Superb safety features and adaptive cruise control makes highway driving completely effortless.,1
Clutch slips under moderate acceleration and reverse gear frequently grinds. Avoid this model.,0
"Smooth suspension, whisper quiet cabin, and very comfortable seats on long road trips.",1
Air conditioning failed during peak summer heat. Replacement parts took six weeks to arrive.,0
Incredible electric range and instant torque response. Charging at home is seamless and fast.,1
Poor build quality with noticeable exterior panel gaps and annoying window wind leaks.,0
Spacious cargo capacity and generous legroom for the entire family. Five star vehicle!,1
Brakes squeal loudly after only 5000 miles. Dealership service was completely unhelpful.,0
Spacious cargo capacity and generous legroom for the entire family. Five star vehicle!,1
Premium interior build quality with intuitive infotainment touch controls and crisp sound system.,1
Unresponsive touchscreen display and navigation system frequently crashes during trips.,0
Fantastic steering feedback and tight cornering grip. Truly a joy to drive every day.,1
Incredible electric range and instant torque response. Charging at home is seamless and fast.,1
Air conditioning failed during peak summer heat. Replacement parts took six weeks to arrive.,0
"Exceeded all my expectations for comfort, modern styling, and quiet highway performance.",1
Incredible electric range and instant torque response. Charging at home is seamless and fast.,1
The acceleration and highway handling on this sedan are phenomenal! Fuel economy exceeded expectations.,1
The acceleration and highway handling on this truck are phenomenal! Fuel economy exceeded expectations.,1
Clutch slips under moderate acceleration and reverse gear frequently grinds. Avoid this model.,0
Premium interior build quality with intuitive infotainment touch controls and crisp sound system.,1
Clutch slips under moderate acceleration and reverse gear frequently grinds. Avoid this model.,0
Incredible electric range and instant torque response. Charging at home is seamless and fast.,1
Poor build quality with noticeable exterior panel gaps and annoying window wind leaks.,0
Superb safety features and adaptive cruise control makes highway driving completely effortless.,1
Unresponsive touchscreen display and navigation system frequently crashes during trips.,0
Fantastic steering feedback and tight cornering grip. Truly a joy to drive every day.,1
Suspension is uncomfortably stiff over minor road bumps. Causes severe driver fatigue.,0
The acceleration and highway handling on this hatchback are phenomenal! Fuel economy exceeded expectations.,1
Suspension is uncomfortably stiff over minor road bumps. Causes severe driver fatigue.,0
Brakes squeal loudly after only 5000 miles. Dealership service was completely unhelpful.,0
Clutch slips under moderate acceleration and reverse gear frequently grinds. Avoid this model.,0
Unresponsive touchscreen display and navigation system frequently crashes during trips.,0
"Smooth suspension, whisper quiet cabin, and very comfortable seats on long road trips.",1
Suspension is uncomfortably stiff over minor road bumps. Causes severe driver fatigue.,0
"Smooth suspension, whisper quiet cabin, and very comfortable seats on long road trips.",1
Terrible transmission hesitation and constant infotainment freezing. Regret buying this car.,0
Outstanding reliability and smooth transmission. Best vehicle purchase I have ever made.,1
Air conditioning failed during peak summer heat. Replacement parts took six weeks to arrive.,0
Fuel mileage is nowhere near the advertised sticker rating. Very disappointing purchase.,0
Fuel mileage is nowhere near the advertised sticker rating. Very disappointing purchase.,0
Clutch slips under moderate acceleration and reverse gear frequently grinds. Avoid this model.,0
The acceleration and highway handling on this crossover are phenomenal! Fuel economy exceeded expectations.,1
Outstanding reliability and smooth transmission. Best vehicle purchase I have ever made.,1
The acceleration and highway handling on this hybrid are phenomenal! Fuel economy exceeded expectations.,1
Premium interior build quality with intuitive infotainment touch controls and crisp sound system.,1
Superb safety features and adaptive cruise control makes highway driving completely effortless.,1
Premium interior build quality with intuitive infotainment touch controls and crisp sound system.,1
Unresponsive touchscreen display and navigation system frequently crashes during trips.,0
Spacious cargo capacity and generous legroom for the entire family. Five star vehicle!,1
Extremely noisy cabin at highway speeds and cheap rattling plastic dashboard panels.,0
Premium interior build quality with intuitive infotainment touch controls and crisp sound system.,1
"Exceeded all my expectations for comfort, modern styling, and quiet highway performance.",1
Outstanding reliability and smooth transmission. Best vehicle purchase I have ever made.,1
Premium interior build quality with intuitive infotainment touch controls and crisp sound system.,1
The acceleration and highway handling on this truck are phenomenal! Fuel economy exceeded expectations.,1
Air conditioning failed during peak summer heat. Replacement parts took six weeks to arrive.,0
Spacious cargo capacity and generous legroom for the entire family. Five star vehicle!,1
Superb safety features and adaptive cruise control makes highway driving completely effortless.,1
Spacious cargo capacity and generous legroom for the entire family. Five star vehicle!,1
Unresponsive touchscreen display and navigation system frequently crashes during trips.,0
Severe engine oil consumption and check engine light came on twice in three months.,0
Fantastic steering feedback and tight cornering grip. Truly a joy to drive every day.,1
Premium interior build quality with intuitive infotainment touch controls and crisp sound system.,1
"Exceeded all my expectations for comfort, modern styling, and quiet highway performance.",1
Outstanding reliability and smooth transmission. Best vehicle purchase I have ever made.,1
Clutch slips under moderate acceleration and reverse gear frequently grinds. Avoid this model.,0
The acceleration and highway handling on this sedan are phenomenal! Fuel economy exceeded expectations.,1
Spacious cargo capacity and generous legroom for the entire family. Five star vehicle!,1
"Exceeded all my expectations for comfort, modern styling, and quiet highway performance.",1
Fantastic steering feedback and tight cornering grip. Truly a joy to drive every day.,1
Air conditioning failed during peak summer heat. Replacement parts took six weeks to arrive.,0
Terrible transmission hesitation and constant infotainment freezing. Regret buying this car.,0
Unresponsive touchscreen display and navigation system frequently crashes during trips.,0
Outstanding reliability and smooth transmission. Best vehicle purchase I have ever made.,1
Fantastic steering feedback and tight cornering grip. Truly a joy to drive every day.,1
Outstanding reliability and smooth transmission. Best vehicle purchase I have ever made.,1
Terrible transmission hesitation and constant infotainment freezing. Regret buying this car.,0
The acceleration and highway handling on this hatchback are phenomenal! Fuel economy exceeded expectations.,1
Outstanding reliability and smooth transmission. Best vehicle purchase I have ever made.,1
Clutch slips under moderate acceleration and reverse gear frequently grinds. Avoid this model.,0
Unresponsive touchscreen display and navigation system frequently crashes during trips.,0
"Smooth suspension, whisper quiet cabin, and very comfortable seats on long road trips.",1
Fantastic steering feedback and tight cornering grip. Truly a joy to drive every day.,1
Severe engine oil consumption and check engine light came on twice in three months.,0
Severe engine oil consumption and check engine light came on twice in three months.,0
Fantastic steering feedback and tight cornering grip. Truly a joy to drive every day.,1
Engine runs silky smooth with impressive fuel efficiency. Highly recommended for daily commuting.,1
Brakes squeal loudly after only 5000 miles. Dealership service was completely unhelpful.,0
Fantastic steering feedback and tight cornering grip. Truly a joy to drive every day.,1
Outstanding reliability and smooth transmission. Best vehicle purchase I have ever made.,1
Fuel mileage is nowhere near the advertised sticker rating. Very disappointing purchase.,0
Superb safety features and adaptive cruise control makes highway driving completely effortless.,1
Incredible electric range and instant torque response. Charging at home is seamless and fast.,1
Poor build quality with noticeable exterior panel gaps and annoying window wind leaks.,0
Fuel mileage is nowhere near the advertised sticker rating. Very disappointing purchase.,0
Spacious cargo capacity and generous legroom for the entire family. Five star vehicle!,1
The acceleration and highway handling on this hybrid are phenomenal! Fuel economy exceeded expectations.,1
Fuel mileage is nowhere near the advertised sticker rating. Very disappointing purchase.,0
Superb safety features and adaptive cruise control makes highway driving completely effortless.,1
Spacious cargo capacity and generous legroom for the entire family. Five star vehicle!,1
Unresponsive touchscreen display and navigation system frequently crashes during trips.,0
Air conditioning failed during peak summer heat. Replacement parts took six weeks to arrive.,0
Fuel mileage is nowhere near the advertised sticker rating. Very disappointing purchase.,0
Severe engine oil consumption and check engine light came on twice in three months.,0
Fuel mileage is nowhere near the advertised sticker rating. Very disappointing purchase.,0
Terrible transmission hesitation and constant infotainment freezing. Regret buying this car.,0
Brakes squeal loudly after only 5000 miles. Dealership service was completely unhelpful.,0
The acceleration and highway handling on this truck are phenomenal! Fuel economy exceeded expectations.,1
Superb safety features and adaptive cruise control makes highway driving completely effortless.,1
Spacious cargo capacity and generous legroom for the entire family. Five star vehicle!,1
Fuel mileage is nowhere near the advertised sticker rating. Very disappointing purchase.,0
Outstanding reliability and smooth transmission. Best vehicle purchase I have ever made.,1
Spacious cargo capacity and generous legroom for the entire family. Five star vehicle!,1
Superb safety features and adaptive cruise control makes highway driving completely effortless.,1
Incredible electric range and instant torque response. Charging at home is seamless and fast.,1
Fuel mileage is nowhere near the advertised sticker rating. Very disappointing purchase.,0
Fantastic steering feedback and tight cornering grip. Truly a joy to drive every day.,1
"Exceeded all my expectations for comfort, modern styling, and quiet highway performance.",1
Fuel mileage is nowhere near the advertised sticker rating. Very disappointing purchase.,0
Poor build quality with noticeable exterior panel gaps and annoying window wind leaks.,0
The acceleration and highway handling on this EV are phenomenal! Fuel economy exceeded expectations.,1
The acceleration and highway handling on this hybrid are phenomenal! Fuel economy exceeded expectations.,1
Spacious cargo capacity and generous legroom for the entire family. Five star vehicle!,1
Fantastic steering feedback and tight cornering grip. Truly a joy to drive every day.,1
"Smooth suspension, whisper quiet cabin, and very comfortable seats on long road trips.",1
Fuel mileage is nowhere near the advertised sticker rating. Very disappointing purchase.,0
Premium interior build quality with intuitive infotainment touch controls and crisp sound system.,1
Outstanding reliability and smooth transmission. Best vehicle purchase I have ever made.,1
Air conditioning failed during peak summer heat. Replacement parts took six weeks to arrive.,0
Air conditioning failed during peak summer heat. Replacement parts took six weeks to arrive.,0
Suspension is uncomfortably stiff over minor road bumps. Causes severe driver fatigue.,0
Clutch slips under moderate acceleration and reverse gear frequently grinds. Avoid this model.,0
Brakes squeal loudly after only 5000 miles. Dealership service was completely unhelpful.,0
"Smooth suspension, whisper quiet cabin, and very comfortable seats on long road trips.",1
Incredible electric range and instant torque response. Charging at home is seamless and fast.,1
Fantastic steering feedback and tight cornering grip. Truly a joy to drive every day.,1
Unresponsive touchscreen display and navigation system frequently crashes during trips.,0
Spacious cargo capacity and generous legroom for the entire family. Five star vehicle!,1
Superb safety features and adaptive cruise control makes highway driving completely effortless.,1
Unresponsive touchscreen display and navigation system frequently crashes during trips.,0
"Exceeded all my expectations for comfort, modern styling, and quiet highway performance.",1
Incredible electric range and instant torque response. Charging at home is seamless and fast.,1
Engine runs silky smooth with impressive fuel efficiency. Highly recommended for daily commuting.,1
Suspension is uncomfortably stiff over minor road bumps. Causes severe driver fatigue.,0
Spacious cargo capacity and generous legroom for the entire family. Five star vehicle!,1
Spacious cargo capacity and generous legroom for the entire family. Five star vehicle!,1
Unresponsive touchscreen display and navigation system frequently crashes during trips.,0
Engine runs silky smooth with impressive fuel efficiency. Highly recommended for daily commuting.,1
Severe engine oil consumption and check engine light came on twice in three months.,0
Outstanding reliability and smooth transmission. Best vehicle purchase I have ever made.,1
"Exceeded all my expectations for comfort, modern styling, and quiet highway performance.",1
Terrible transmission hesitation and constant infotainment freezing. Regret buying this car.,0
Engine runs silky smooth with impressive fuel efficiency. Highly recommended for daily commuting.,1
The acceleration and highway handling on this EV are phenomenal! Fuel economy exceeded expectations.,1
Extremely noisy cabin at highway speeds and cheap rattling plastic dashboard panels.,0
The acceleration and highway handling on this hatchback are phenomenal! Fuel economy exceeded expectations.,1
The acceleration and highway handling on this sedan are phenomenal! Fuel economy exceeded expectations.,1
Outstanding reliability and smooth transmission. Best vehicle purchase I have ever made.,1
Incredible electric range and instant torque response. Charging at home is seamless and fast.,1
Brakes squeal loudly after only 5000 miles. Dealership service was completely unhelpful.,0
Air conditioning failed during peak summer heat. Replacement parts took six weeks to arrive.,0
Air conditioning failed during peak summer heat. Replacement parts took six weeks to arrive.,0
Brakes squeal loudly after only 5000 miles. Dealership service was completely unhelpful.,0
Suspension is uncomfortably stiff over minor road bumps. Causes severe driver fatigue.,0
Terrible transmission hesitation and constant infotainment freezing. Regret buying this car.,0
Fuel mileage is nowhere near the advertised sticker rating. Very disappointing purchase.,0
Clutch slips under moderate acceleration and reverse gear frequently grinds. Avoid this model.,0
Incredible electric range and instant torque response. Charging at home is seamless and fast.,1
Air conditioning failed during peak summer heat. Replacement parts took six weeks to arrive.,0
Outstanding reliability and smooth transmission. Best vehicle purchase I have ever made.,1
Air conditioning failed during peak summer heat. Replacement parts took six weeks to arrive.,0
Severe engine oil consumption and check engine light came on twice in three months.,0
Terrible transmission hesitation and constant infotainment freezing. Regret buying this car.,0
Spacious cargo capacity and generous legroom for the entire family. Five star vehicle!,1
Suspension is uncomfortably stiff over minor road bumps. Causes severe driver fatigue.,0
"Exceeded all my expectations for comfort, modern styling, and quiet highway performance.",1
Premium interior build quality with intuitive infotainment touch controls and crisp sound system.,1
Superb safety features and adaptive cruise control makes highway driving completely effortless.,1
Brakes squeal loudly after only 5000 miles. Dealership service was completely unhelpful.,0
Spacious cargo capacity and generous legroom for the entire family. Five star vehicle!,1
Engine runs silky smooth with impressive fuel efficiency. Highly recommended for daily commuting.,1
Extremely noisy cabin at highway speeds and cheap rattling plastic dashboard panels.,0
Engine runs silky smooth with impressive fuel efficiency. Highly recommended for daily commuting.,1
Poor build quality with noticeable exterior panel gaps and annoying window wind leaks.,0
Brakes squeal loudly after only 5000 miles. Dealership service was completely unhelpful.,0
"Smooth suspension, whisper quiet cabin, and very comfortable seats on long road trips.",1
Terrible transmission hesitation and constant infotainment freezing. Regret buying this car.,0
Clutch slips under moderate acceleration and reverse gear frequently grinds. Avoid this model.,0
Fuel mileage is nowhere near the advertised sticker rating. Very disappointing purchase.,0
Brakes squeal loudly after only 5000 miles. Dealership service was completely unhelpful.,0
Superb safety features and adaptive cruise control makes highway driving completely effortless.,1
Fantastic steering feedback and tight cornering grip. Truly a joy to drive every day.,1
Unresponsive touchscreen display and navigation system frequently crashes during trips.,0
Unresponsive touchscreen display and navigation system frequently crashes during trips.,0
Extremely noisy cabin at highway speeds and cheap rattling plastic dashboard panels.,0
Incredible electric range and instant torque response. Charging at home is seamless and fast.,1
Fuel mileage is nowhere near the advertised sticker rating. Very disappointing purchase.,0
Premium interior build quality with intuitive infotainment touch controls and crisp sound system.,1
Brakes squeal loudly after only 5000 miles. Dealership service was completely unhelpful.,0
Premium interior build quality with intuitive infotainment touch controls and crisp sound system.,1
Spacious cargo capacity and generous legroom for the entire family. Five star vehicle!,1
Spacious cargo capacity and generous legroom for the entire family. Five star vehicle!,1
Severe engine oil consumption and check engine light came on twice in three months.,0
Spacious cargo capacity and generous legroom for the entire family. Five star vehicle!,1
Terrible transmission hesitation and constant infotainment freezing. Regret buying this car.,0
Outstanding reliability and smooth transmission. Best vehicle purchase I have ever made.,1
Suspension is uncomfortably stiff over minor road bumps. Causes severe driver fatigue.,0
"Smooth suspension, whisper quiet cabin, and very comfortable seats on long road trips.",1
Extremely noisy cabin at highway speeds and cheap rattling plastic dashboard panels.,0
Outstanding reliability and smooth transmission. Best vehicle purchase I have ever made.,1
The acceleration and highway handling on this crossover are phenomenal! Fuel economy exceeded expectations.,1
Unresponsive touchscreen display and navigation system frequently crashes during trips.,0
Terrible transmission hesitation and constant infotainment freezing. Regret buying this car.,0
Air conditioning failed during peak summer heat. Replacement parts took six weeks to arrive.,0
Poor build quality with noticeable exterior panel gaps and annoying window wind leaks.,0
"Exceeded all my expectations for comfort, modern styling, and quiet highway performance.",1
"Exceeded all my expectations for comfort, modern styling, and quiet highway performance.",1
Spacious cargo capacity and generous legroom for the entire family. Five star vehicle!,1
"Exceeded all my expectations for comfort, modern styling, and quiet highway performance.",1
"Smooth suspension, whisper quiet cabin, and very comfortable seats on long road trips.",1
Clutch slips under moderate acceleration and reverse gear frequently grinds. Avoid this model.,0
Severe engine oil consumption and check engine light came on twice in three months.,0
Incredible electric range and instant torque response. Charging at home is seamless and fast.,1
Suspension is uncomfortably stiff over minor road bumps. Causes severe driver fatigue.,0
"Exceeded all my expectations for comfort, modern styling, and quiet highway performance.",1
Fantastic steering feedback and tight cornering grip. Truly a joy to drive every day.,1
Terrible transmission hesitation and constant infotainment freezing. Regret buying this car.,0
Fuel mileage is nowhere near the advertised sticker rating. Very disappointing purchase.,0
The acceleration and highway handling on this sedan are phenomenal! Fuel economy exceeded expectations.,1
Suspension is uncomfortably stiff over minor road bumps. Causes severe driver fatigue.,0
Suspension is uncomfortably stiff over minor road bumps. Causes severe driver fatigue.,0
Air conditioning failed during peak summer heat. Replacement parts took six weeks to arrive.,0
Fantastic steering feedback and tight cornering grip. Truly a joy to drive every day.,1
Unresponsive touchscreen display and navigation system frequently crashes during trips.,0
Brakes squeal loudly after only 5000 miles. Dealership service was completely unhelpful.,0
Extremely noisy cabin at highway speeds and cheap rattling plastic dashboard panels.,0
Premium interior build quality with intuitive infotainment touch controls and crisp sound system.,1
Air conditioning failed during peak summer heat. Replacement parts took six weeks to arrive.,0
Spacious cargo capacity and generous legroom for the entire family. Five star vehicle!,1
Outstanding reliability and smooth transmission. Best vehicle purchase I have ever made.,1
Superb safety features and adaptive cruise control makes highway driving completely effortless.,1
Fantastic steering feedback and tight cornering grip. Truly a joy to drive every day.,1
Premium interior build quality with intuitive infotainment touch controls and crisp sound system.,1
Poor build quality with noticeable exterior panel gaps and annoying window wind leaks.,0
Unresponsive touchscreen display and navigation system frequently crashes during trips.,0
Severe engine oil consumption and check engine light came on twice in three months.,0
Brakes squeal loudly after only 5000 miles. Dealership service was completely unhelpful.,0
Air conditioning failed during peak summer heat. Replacement parts took six weeks to arrive.,0
"Exceeded all my expectations for comfort, modern styling, and quiet highway performance.",1
Outstanding reliability and smooth transmission. Best vehicle purchase I have ever made.,1
Outstanding reliability and smooth transmission. Best vehicle purchase I have ever made.,1
Engine runs silky smooth with impressive fuel efficiency. Highly recommended for daily commuting.,1
Air conditioning failed during peak summer heat. Replacement parts took six weeks to arrive.,0
"Exceeded all my expectations for comfort, modern styling, and quiet highway performance.",1
Brakes squeal loudly after only 5000 miles. Dealership service was completely unhelpful.,0
Air conditioning failed during peak summer heat. Replacement parts took six weeks to arrive.,0
Incredible electric range and instant torque response. Charging at home is seamless and fast.,1
Engine runs silky smooth with impressive fuel efficiency. Highly recommended for daily commuting.,1
Fantastic steering feedback and tight cornering grip. Truly a joy to drive every day.,1
Poor build quality with noticeable exterior panel gaps and annoying window wind leaks.,0
Suspension is uncomfortably stiff over minor road bumps. Causes severe driver fatigue.,0
Extremely noisy cabin at highway speeds and cheap rattling plastic dashboard panels.,0
Poor build quality with noticeable exterior panel gaps and annoying window wind leaks.,0
Poor build quality with noticeable exterior panel gaps and annoying window wind leaks.,0
Fuel mileage is nowhere near the advertised sticker rating. Very disappointing purchase.,0
Fantastic steering feedback and tight cornering grip. Truly a joy to drive every day.,1
Engine runs silky smooth with impressive fuel efficiency. Highly recommended for daily commuting.,1
Extremely noisy cabin at highway speeds and cheap rattling plastic dashboard panels.,0
Outstanding reliability and smooth transmission. Best vehicle purchase I have ever made.,1
The acceleration and highway handling on this crossover are phenomenal! Fuel economy exceeded expectations.,1
Poor build quality with noticeable exterior panel gaps and annoying window wind leaks.,0
Poor build quality with noticeable exterior panel gaps and annoying window wind leaks.,0
Engine runs silky smooth with impressive fuel efficiency. Highly recommended for daily commuting.,1
"Smooth suspension, whisper quiet cabin, and very comfortable seats on long road trips.",1
"Exceeded all my expectations for comfort, modern styling, and quiet highway performance.",1
Premium interior build quality with intuitive infotainment touch controls and crisp sound system.,1
Terrible transmission hesitation and constant infotainment freezing. Regret buying this car.,0
Poor build quality with noticeable exterior panel gaps and annoying window wind leaks.,0
Poor build quality with noticeable exterior panel gaps and annoying window wind leaks.,0
Premium interior build quality with intuitive infotainment touch controls and crisp sound system.,1
Outstanding reliability and smooth transmission. Best vehicle purchase I have ever made.,1
Outstanding reliability and smooth transmission. Best vehicle purchase I have ever made.,1
Brakes squeal loudly after only 5000 miles. Dealership service was completely unhelpful.,0
Outstanding reliability and smooth transmission. Best vehicle purchase I have ever made.,1
Clutch slips under moderate acceleration and reverse gear frequently grinds. Avoid this model.,0
Fantastic steering feedback and tight cornering grip. Truly a joy to drive every day.,1
Unresponsive touchscreen display and navigation system frequently crashes during trips.,0
"Exceeded all my expectations for comfort, modern styling, and quiet highway performance.",1
Superb safety features and adaptive cruise control makes highway driving completely effortless.,1
Spacious cargo capacity and generous legroom for the entire family. Five star vehicle!,1
"Smooth suspension, whisper quiet cabin, and very comfortable seats on long road trips.",1
Extremely noisy cabin at highway speeds and cheap rattling plastic dashboard panels.,0
Premium interior build quality with intuitive infotainment touch controls and crisp sound system.,1
Clutch slips under moderate acceleration and reverse gear frequently grinds. Avoid this model.,0
Unresponsive touchscreen display and navigation system frequently crashes during trips.,0
Fuel mileage is nowhere near the advertised sticker rating. Very disappointing purchase.,0
Superb safety features and adaptive cruise control makes highway driving completely effortless.,1
Clutch slips under moderate acceleration and reverse gear frequently grinds. Avoid this model.,0
Fuel mileage is nowhere near the advertised sticker rating. Very disappointing purchase.,0
Suspension is uncomfortably stiff over minor road bumps. Causes severe driver fatigue.,0
Severe engine oil consumption and check engine light came on twice in three months.,0
Incredible electric range and instant torque response. Charging at home is seamless and fast.,1
Fantastic steering feedback and tight cornering grip. Truly a joy to drive every day.,1
Air conditioning failed during peak summer heat. Replacement parts took six weeks to arrive.,0
Severe engine oil consumption and check engine light came on twice in three months.,0
Brakes squeal loudly after only 5000 miles. Dealership service was completely unhelpful.,0
The acceleration and highway handling on this hybrid are phenomenal! Fuel economy exceeded expectations.,1
Incredible electric range and instant torque response. Charging at home is seamless and fast.,1
Engine runs silky smooth with impressive fuel efficiency. Highly recommended for daily commuting.,1
"Exceeded all my expectations for comfort, modern styling, and quiet highway performance.",1
Severe engine oil consumption and check engine light came on twice in three months.,0
"Smooth suspension, whisper quiet cabin, and very comfortable seats on long road trips.",1
Poor build quality with noticeable exterior panel gaps and annoying window wind leaks.,0
Clutch slips under moderate acceleration and reverse gear frequently grinds. Avoid this model.,0
"Smooth suspension, whisper quiet cabin, and very comfortable seats on long road trips.",1
Air conditioning failed during peak summer heat. Replacement parts took six weeks to arrive.,0
"Exceeded all my expectations for comfort, modern styling, and quiet highway performance.",1
"Exceeded all my expectations for comfort, modern styling, and quiet highway performance.",1
Incredible electric range and instant torque response. Charging at home is seamless and fast.,1
The acceleration and highway handling on this hybrid are phenomenal! Fuel economy exceeded expectations.,1
Engine runs silky smooth with impressive fuel efficiency. Highly recommended for daily commuting.,1
Spacious cargo capacity and generous legroom for the entire family. Five star vehicle!,1
Brakes squeal loudly after only 5000 miles. Dealership service was completely unhelpful.,0
The acceleration and highway handling on this hatchback are phenomenal! Fuel economy exceeded expectations.,1
Incredible electric range and instant torque response. Charging at home is seamless and fast.,1
Brakes squeal loudly after only 5000 miles. Dealership service was completely unhelpful.,0
Unresponsive touchscreen display and navigation system frequently crashes during trips.,0
Fuel mileage is nowhere near the advertised sticker rating. Very disappointing purchase.,0
Spacious cargo capacity and generous legroom for the entire family. Five star vehicle!,1
Premium interior build quality with intuitive infotainment touch controls and crisp sound system.,1
Engine runs silky smooth with impressive fuel efficiency. Highly recommended for daily commuting.,1
Premium interior build quality with intuitive infotainment touch controls and crisp sound system.,1
Suspension is uncomfortably stiff over minor road bumps. Causes severe driver fatigue.,0
Air conditioning failed during peak summer heat. Replacement parts took six weeks to arrive.,0
Outstanding reliability and smooth transmission. Best vehicle purchase I have ever made.,1
Suspension is uncomfortably stiff over minor road bumps. Causes severe driver fatigue.,0
"Exceeded all my expectations for comfort, modern styling, and quiet highway performance.",1
The acceleration and highway handling on this hatchback are phenomenal! Fuel economy exceeded expectations.,1
Brakes squeal loudly after only 5000 miles. Dealership service was completely unhelpful.,0
Superb safety features and adaptive cruise control makes highway driving completely effortless.,1
Suspension is uncomfortably stiff over minor road bumps. Causes severe driver fatigue.,0
Fantastic steering feedback and tight cornering grip. Truly a joy to drive every day.,1
Premium interior build quality with intuitive infotainment touch controls and crisp sound system.,1
Terrible transmission hesitation and constant infotainment freezing. Regret buying this car.,0
Clutch slips under moderate acceleration and reverse gear frequently grinds. Avoid this model.,0
Spacious cargo capacity and generous legroom for the entire family. Five star vehicle!,1
Superb safety features and adaptive cruise control makes highway driving completely effortless.,1
Suspension is uncomfortably stiff over minor road bumps. Causes severe driver fatigue.,0
"Smooth suspension, whisper quiet cabin, and very comfortable seats on long road trips.",1
Terrible transmission hesitation and constant infotainment freezing. Regret buying this car.,0
Brakes squeal loudly after only 5000 miles. Dealership service was completely unhelpful.,0
Premium interior build quality with intuitive infotainment touch controls and crisp sound system.,1
Clutch slips under moderate acceleration and reverse gear frequently grinds. Avoid this model.,0
Unresponsive touchscreen display and navigation system frequently crashes during trips.,0
Outstanding reliability and smooth transmission. Best vehicle purchase I have ever made.,1
Outstanding reliability and smooth transmission. Best vehicle purchase I have ever made.,1
Premium interior build quality with intuitive infotainment touch controls and crisp sound system.,1
Outstanding reliability and smooth transmission. Best vehicle purchase I have ever made.,1
"Exceeded all my expectations for comfort, modern styling, and quiet highway performance.",1
"Exceeded all my expectations for comfort, modern styling, and quiet highway performance.",1
Unresponsive touchscreen display and navigation system frequently crashes during trips.,0
Spacious cargo capacity and generous legroom for the entire family. Five star vehicle!,1
Air conditioning failed during peak summer heat. Replacement parts took six weeks to arrive.,0
Clutch slips under moderate acceleration and reverse gear frequently grinds. Avoid this model.,0
The acceleration and highway handling on this hatchback are phenomenal! Fuel economy exceeded expectations.,1
Brakes squeal loudly after only 5000 miles. Dealership service was completely unhelpful.,0
Fantastic steering feedback and tight cornering grip. Truly a joy to drive every day.,1
The acceleration and highway handling on this truck are phenomenal! Fuel economy exceeded expectations.,1
Extremely noisy cabin at highway speeds and cheap rattling plastic dashboard panels.,0
Fantastic steering feedback and tight cornering grip. Truly a joy to drive every day.,1
Extremely noisy cabin at highway speeds and cheap rattling plastic dashboard panels.,0
Outstanding reliability and smooth transmission. Best vehicle purchase I have ever made.,1
Brakes squeal loudly after only 5000 miles. Dealership service was completely unhelpful.,0
Fuel mileage is nowhere near the advertised sticker rating. Very disappointing purchase.,0
Fuel mileage is nowhere near the advertised sticker rating. Very disappointing purchase.,0
Poor build quality with noticeable exterior panel gaps and annoying window wind leaks.,0
Air conditioning failed during peak summer heat. Replacement parts took six weeks to arrive.,0
Suspension is uncomfortably stiff over minor road bumps. Causes severe driver fatigue.,0
"Exceeded all my expectations for comfort, modern styling, and quiet highway performance.",1
Fantastic steering feedback and tight cornering grip. Truly a joy to drive every day.,1
Fantastic steering feedback and tight cornering grip. Truly a joy to drive every day.,1
Incredible electric range and instant torque response. Charging at home is seamless and fast.,1
Extremely noisy cabin at highway speeds and cheap rattling plastic dashboard panels.,0
Terrible transmission hesitation and constant infotainment freezing. Regret buying this car.,0
Fuel mileage is nowhere near the advertised sticker rating. Very disappointing purchase.,0
"Exceeded all my expectations for comfort, modern styling, and quiet highway performance.",1
Unresponsive touchscreen display and navigation system frequently crashes during trips.,0
Superb safety features and adaptive cruise control makes highway driving completely effortless.,1
Clutch slips under moderate acceleration and reverse gear frequently grinds. Avoid this model.,0
Fuel mileage is nowhere near the advertised sticker rating. Very disappointing purchase.,0
Suspension is uncomfortably stiff over minor road bumps. Causes severe driver fatigue.,0
Extremely noisy cabin at highway speeds and cheap rattling plastic dashboard panels.,0
"Smooth suspension, whisper quiet cabin, and very comfortable seats on long road trips.",1
Poor build quality with noticeable exterior panel gaps and annoying window wind leaks.,0
Fantastic steering feedback and tight cornering grip. Truly a joy to drive every day.,1
Air conditioning failed during peak summer heat. Replacement parts took six weeks to arrive.,0
Suspension is uncomfortably stiff over minor road bumps. Causes severe driver fatigue.,0
Suspension is uncomfortably stiff over minor road bumps. Causes severe driver fatigue.,0
Air conditioning failed during peak summer heat. Replacement parts took six weeks to arrive.,0
Terrible transmission hesitation and constant infotainment freezing. Regret buying this car.,0
Incredible electric range and instant torque response. Charging at home is seamless and fast.,1
Severe engine oil consumption and check engine light came on twice in three months.,0
Premium interior build quality with intuitive infotainment touch controls and crisp sound system.,1
Unresponsive touchscreen display and navigation system frequently crashes during trips.,0
Superb safety features and adaptive cruise control makes highway driving completely effortless.,1
Extremely noisy cabin at highway speeds and cheap rattling plastic dashboard panels.,0
"Exceeded all my expectations for comfort, modern styling, and quiet highway performance.",1
Terrible transmission hesitation and constant infotainment freezing. Regret buying this car.,0
Superb safety features and adaptive cruise control makes highway driving completely effortless.,1
Terrible transmission hesitation and constant infotainment freezing. Regret buying this car.,0
"Exceeded all my expectations for comfort, modern styling, and quiet highway performance.",1
Unresponsive touchscreen display and navigation system frequently crashes during trips.,0
"Exceeded all my expectations for comfort, modern styling, and quiet highway performance.",1
Poor build quality with noticeable exterior panel gaps and annoying window wind leaks.,0
Severe engine oil consumption and check engine light came on twice in three months.,0
Extremely noisy cabin at highway speeds and cheap rattling plastic dashboard panels.,0
Fantastic steering feedback and tight cornering grip. Truly a joy to drive every day.,1
Superb safety features and adaptive cruise control makes highway driving completely effortless.,1
Fuel mileage is nowhere near the advertised sticker rating. Very disappointing purchase.,0
Fuel mileage is nowhere near the advertised sticker rating. Very disappointing purchase.,0
Incredible electric range and instant torque response. Charging at home is seamless and fast.,1
Fantastic steering feedback and tight cornering grip. Truly a joy to drive every day.,1
Fantastic steering feedback and tight cornering grip. Truly a joy to drive every day.,1
Fuel mileage is nowhere near the advertised sticker rating. Very disappointing purchase.,0
Terrible transmission hesitation and constant infotainment freezing. Regret buying this car.,0
Engine runs silky smooth with impressive fuel efficiency. Highly recommended for daily commuting.,1
Outstanding reliability and smooth transmission. Best vehicle purchase I have ever made.,1
Extremely noisy cabin at highway speeds and cheap rattling plastic dashboard panels.,0
Terrible transmission hesitation and constant infotainment freezing. Regret buying this car.,0
Air conditioning failed during peak summer heat. Replacement parts took six weeks to arrive.,0
Air conditioning failed during peak summer heat. Replacement parts took six weeks to arrive.,0
Clutch slips under moderate acceleration and reverse gear frequently grinds. Avoid this model.,0
Air conditioning failed during peak summer heat. Replacement parts took six weeks to arrive.,0
Fantastic steering feedback and tight cornering grip. Truly a joy to drive every day.,1
Poor build quality with noticeable exterior panel gaps and annoying window wind leaks.,0
"Smooth suspension, whisper quiet cabin, and very comfortable seats on long road trips.",1
Fuel mileage is nowhere near the advertised sticker rating. Very disappointing purchase.,0
Clutch slips under moderate acceleration and reverse gear frequently grinds. Avoid this model.,0
Suspension is uncomfortably stiff over minor road bumps. Causes severe driver fatigue.,0
Poor build quality with noticeable exterior panel gaps and annoying window wind leaks.,0
Premium interior build quality with intuitive infotainment touch controls and crisp sound system.,1
Incredible electric range and instant torque response. Charging at home is seamless and fast.,1
Unresponsive touchscreen display and navigation system frequently crashes during trips.,0
Incredible electric range and instant torque response. Charging at home is seamless and fast.,1
Fantastic steering feedback and tight cornering grip. Truly a joy to drive every day.,1
Suspension is uncomfortably stiff over minor road bumps. Causes severe driver fatigue.,0
Clutch slips under moderate acceleration and reverse gear frequently grinds. Avoid this model.,0
The acceleration and highway handling on this sedan are phenomenal! Fuel economy exceeded expectations.,1
Clutch slips under moderate acceleration and reverse gear frequently grinds. Avoid this model.,0
Premium interior build quality with intuitive infotainment touch controls and crisp sound system.,1
Incredible electric range and instant torque response. Charging at home is seamless and fast.,1
"Smooth suspension, whisper quiet cabin, and very comfortable seats on long road trips.",1
Superb safety features and adaptive cruise control makes highway driving completely effortless.,1
Superb safety features and adaptive cruise control makes highway driving completely effortless.,1
"Exceeded all my expectations for comfort, modern styling, and quiet highway performance.",1
Fantastic steering feedback and tight cornering grip. Truly a joy to drive every day.,1
Air conditioning failed during peak summer heat. Replacement parts took six weeks to arrive.,0
Suspension is uncomfortably stiff over minor road bumps. Causes severe driver fatigue.,0
Outstanding reliability and smooth transmission. Best vehicle purchase I have ever made.,1
Severe engine oil consumption and check engine light came on twice in three months.,0
Brakes squeal loudly after only 5000 miles. Dealership service was completely unhelpful.,0
Poor build quality with noticeable exterior panel gaps and annoying window wind leaks.,0
Air conditioning failed during peak summer heat. Replacement parts took six weeks to arrive.,0
Brakes squeal loudly after only 5000 miles. Dealership service was completely unhelpful.,0
Unresponsive touchscreen display and navigation system frequently crashes during trips.,0
Severe engine oil consumption and check engine light came on twice in three months.,0
Superb safety features and adaptive cruise control makes highway driving completely effortless.,1
Extremely noisy cabin at highway speeds and cheap rattling plastic dashboard panels.,0
Fuel mileage is nowhere near the advertised sticker rating. Very disappointing purchase.,0
Incredible electric range and instant torque response. Charging at home is seamless and fast.,1
Poor build quality with noticeable exterior panel gaps and annoying window wind leaks.,0
Superb safety features and adaptive cruise control makes highway driving completely effortless.,1
Premium interior build quality with intuitive infotainment touch controls and crisp sound system.,1
The acceleration and highway handling on this crossover are phenomenal! Fuel economy exceeded expectations.,1
Brakes squeal loudly after only 5000 miles. Dealership service was completely unhelpful.,0
Terrible transmission hesitation and constant infotainment freezing. Regret buying this car.,0
Suspension is uncomfortably stiff over minor road bumps. Causes severe driver fatigue.,0
Engine runs silky smooth with impressive fuel efficiency. Highly recommended for daily commuting.,1
Engine runs silky smooth with impressive fuel efficiency. Highly recommended for daily commuting.,1
Clutch slips under moderate acceleration and reverse gear frequently grinds. Avoid this model.,0
Outstanding reliability and smooth transmission. Best vehicle purchase I have ever made.,1
Brakes squeal loudly after only 5000 miles. Dealership service was completely unhelpful.,0
Clutch slips under moderate acceleration and reverse gear frequently grinds. Avoid this model.,0
Outstanding reliability and smooth transmission. Best vehicle purchase I have ever made.,1
Suspension is uncomfortably stiff over minor road bumps. Causes severe driver fatigue.,0
Suspension is uncomfortably stiff over minor road bumps. Causes severe driver fatigue.,0
Poor build quality with noticeable exterior panel gaps and annoying window wind leaks.,0
Engine runs silky smooth with impressive fuel efficiency. Highly recommended for daily commuting.,1
Terrible transmission hesitation and constant infotainment freezing. Regret buying this car.,0
Clutch slips under moderate acceleration and reverse gear frequently grinds. Avoid this model.,0
Brakes squeal loudly after only 5000 miles. Dealership service was completely unhelpful.,0
Extremely noisy cabin at highway speeds and cheap rattling plastic dashboard panels.,0
Poor build quality with noticeable exterior panel gaps and annoying window wind leaks.,0
Outstanding reliability and smooth transmission. Best vehicle purchase I have ever made.,1
Outstanding reliability and smooth transmission. Best vehicle purchase I have ever made.,1
Fantastic steering feedback and tight cornering grip. Truly a joy to drive every day.,1
Superb safety features and adaptive cruise control makes highway driving completely effortless.,1
Clutch slips under moderate acceleration and reverse gear frequently grinds. Avoid this model.,0
Terrible transmission hesitation and constant infotainment freezing. Regret buying this car.,0
Unresponsive touchscreen display and navigation system frequently crashes during trips.,0
Engine runs silky smooth with impressive fuel efficiency. Highly recommended for daily commuting.,1
"Exceeded all my expectations for comfort, modern styling, and quiet highway performance.",1
Air conditioning failed during peak summer heat. Replacement parts took six weeks to arrive.,0
Incredible electric range and instant torque response. Charging at home is seamless and fast.,1
Engine runs silky smooth with impressive fuel efficiency. Highly recommended for daily commuting.,1
Fuel mileage is nowhere near the advertised sticker rating. Very disappointing purchase.,0
Incredible electric range and instant torque response. Charging at home is seamless and fast.,1
Brakes squeal loudly after only 5000 miles. Dealership service was completely unhelpful.,0
The acceleration and highway handling on this truck are phenomenal! Fuel economy exceeded expectations.,1
Premium interior build quality with intuitive infotainment touch controls and crisp sound system.,1
Engine runs silky smooth with impressive fuel efficiency. Highly recommended for daily commuting.,1
Clutch slips under moderate acceleration and reverse gear frequently grinds. Avoid this model.,0
Terrible transmission hesitation and constant infotainment freezing. Regret buying this car.,0
Air conditioning failed during peak summer heat. Replacement parts took six weeks to arrive.,0
Fuel mileage is nowhere near the advertised sticker rating. Very disappointing purchase.,0
Engine runs silky smooth with impressive fuel efficiency. Highly recommended for daily commuting.,1
Terrible transmission hesitation and constant infotainment freezing. Regret buying this car.,0
Terrible transmission hesitation and constant infotainment freezing. Regret buying this car.,0
Fuel mileage is nowhere near the advertised sticker rating. Very disappointing purchase.,0
Spacious cargo capacity and generous legroom for the entire family. Five star vehicle!,1
Unresponsive touchscreen display and navigation system frequently crashes during trips.,0
Extremely noisy cabin at highway speeds and cheap rattling plastic dashboard panels.,0
Incredible electric range and instant torque response. Charging at home is seamless and fast.,1
Spacious cargo capacity and generous legroom for the entire family. Five star vehicle!,1
Engine runs silky smooth with impressive fuel efficiency. Highly recommended for daily commuting.,1
"Exceeded all my expectations for comfort, modern styling, and quiet highway performance.",1
"Smooth suspension, whisper quiet cabin, and very comfortable seats on long road trips.",1
Clutch slips under moderate acceleration and reverse gear frequently grinds. Avoid this model.,0
"Exceeded all my expectations for comfort, modern styling, and quiet highway performance.",1
Superb safety features and adaptive cruise control makes highway driving completely effortless.,1
Severe engine oil consumption and check engine light came on twice in three months.,0
"Exceeded all my expectations for comfort, modern styling, and quiet highway performance.",1
Premium interior build quality with intuitive infotainment touch controls and crisp sound system.,1
Brakes squeal loudly after only 5000 miles. Dealership service was completely unhelpful.,0
Engine runs silky smooth with impressive fuel efficiency. Highly recommended for daily commuting.,1
Severe engine oil consumption and check engine light came on twice in three months.,0
Incredible electric range and instant torque response. Charging at home is seamless and fast.,1
Brakes squeal loudly after only 5000 miles. Dealership service was completely unhelpful.,0
Spacious cargo capacity and generous legroom for the entire family. Five star vehicle!,1
Engine runs silky smooth with impressive fuel efficiency. Highly recommended for daily commuting.,1
Outstanding reliability and smooth transmission. Best vehicle purchase I have ever made.,1
Terrible transmission hesitation and constant infotainment freezing. Regret buying this car.,0
Superb safety features and adaptive cruise control makes highway driving completely effortless.,1
Fuel mileage is nowhere near the advertised sticker rating. Very disappointing purchase.,0
Suspension is uncomfortably stiff over minor road bumps. Causes severe driver fatigue.,0
Superb safety features and adaptive cruise control makes highway driving completely effortless.,1
Spacious cargo capacity and generous legroom for the entire family. Five star vehicle!,1
Clutch slips under moderate acceleration and reverse gear frequently grinds. Avoid this model.,0
Fuel mileage is nowhere near the advertised sticker rating. Very disappointing purchase.,0
"Exceeded all my expectations for comfort, modern styling, and quiet highway performance.",1
Fuel mileage is nowhere near the advertised sticker rating. Very disappointing purchase.,0
Fantastic steering feedback and tight cornering grip. Truly a joy to drive every day.,1
Poor build quality with noticeable exterior panel gaps and annoying window wind leaks.,0
Fuel mileage is nowhere near the advertised sticker rating. Very disappointing purchase.,0
Brakes squeal loudly after only 5000 miles. Dealership service was completely unhelpful.,0
Poor build quality with noticeable exterior panel gaps and annoying window wind leaks.,0
Engine runs silky smooth with impressive fuel efficiency. Highly recommended for daily commuting.,1
Extremely noisy cabin at highway speeds and cheap rattling plastic dashboard panels.,0
"Smooth suspension, whisper quiet cabin, and very comfortable seats on long road trips.",1
Outstanding reliability and smooth transmission. Best vehicle purchase I have ever made.,1
The acceleration and highway handling on this truck are phenomenal! Fuel economy exceeded expectations.,1
"Exceeded all my expectations for comfort, modern styling, and quiet highway performance.",1
The acceleration and highway handling on this EV are phenomenal! Fuel economy exceeded expectations.,1
Air conditioning failed during peak summer heat. Replacement parts took six weeks to arrive.,0
The acceleration and highway handling on this EV are phenomenal! Fuel economy exceeded expectations.,1
Fantastic steering feedback and tight cornering grip. Truly a joy to drive every day.,1
Premium interior build quality with intuitive infotainment touch controls and crisp sound system.,1
Extremely noisy cabin at highway speeds and cheap rattling plastic dashboard panels.,0
The acceleration and highway handling on this hatchback are phenomenal! Fuel economy exceeded expectations.,1
Premium interior build quality with intuitive infotainment touch controls and crisp sound system.,1
"Smooth suspension, whisper quiet cabin, and very comfortable seats on long road trips.",1
Engine runs silky smooth with impressive fuel efficiency. Highly recommended for daily commuting.,1
Unresponsive touchscreen display and navigation system frequently crashes during trips.,0
Unresponsive touchscreen display and navigation system frequently crashes during trips.,0
The acceleration and highway handling on this sedan are phenomenal! Fuel economy exceeded expectations.,1
Poor build quality with noticeable exterior panel gaps and annoying window wind leaks.,0
"Smooth suspension, whisper quiet cabin, and very comfortable seats on long road trips.",1
Brakes squeal loudly after only 5000 miles. Dealership service was completely unhelpful.,0
Spacious cargo capacity and generous legroom for the entire family. Five star vehicle!,1
Suspension is uncomfortably stiff over minor road bumps. Causes severe driver fatigue.,0
Spacious cargo capacity and generous legroom for the entire family. Five star vehicle!,1
Spacious cargo capacity and generous legroom for the entire family. Five star vehicle!,1
Premium interior build quality with intuitive infotainment touch controls and crisp sound system.,1
Spacious cargo capacity and generous legroom for the entire family. Five star vehicle!,1
Outstanding reliability and smooth transmission. Best vehicle purchase I have ever made.,1
Clutch slips under moderate acceleration and reverse gear frequently grinds. Avoid this model.,0
Suspension is uncomfortably stiff over minor road bumps. Causes severe driver fatigue.,0
Incredible electric range and instant torque response. Charging at home is seamless and fast.,1
Premium interior build quality with intuitive infotainment touch controls and crisp sound system.,1
Air conditioning failed during peak summer heat. Replacement parts took six weeks to arrive.,0
Extremely noisy cabin at highway speeds and cheap rattling plastic dashboard panels.,0
Severe engine oil consumption and check engine light came on twice in three months.,0
Engine runs silky smooth with impressive fuel efficiency. Highly recommended for daily commuting.,1
Air conditioning failed during peak summer heat. Replacement parts took six weeks to arrive.,0
Incredible electric range and instant torque response. Charging at home is seamless and fast.,1
Brakes squeal loudly after only 5000 miles. Dealership service was completely unhelpful.,0
Brakes squeal loudly after only 5000 miles. Dealership service was completely unhelpful.,0
Unresponsive touchscreen display and navigation system frequently crashes during trips.,0
Outstanding reliability and smooth transmission. Best vehicle purchase I have ever made.,1
Severe engine oil consumption and check engine light came on twice in three months.,0
Premium interior build quality with intuitive infotainment touch controls and crisp sound system.,1
Air conditioning failed during peak summer heat. Replacement parts took six weeks to arrive.,0
Clutch slips under moderate acceleration and reverse gear frequently grinds. Avoid this model.,0
Incredible electric range and instant torque response. Charging at home is seamless and fast.,1
Superb safety features and adaptive cruise control makes highway driving completely effortless.,1
Unresponsive touchscreen display and navigation system frequently crashes during trips.,0
Engine runs silky smooth with impressive fuel efficiency. Highly recommended for daily commuting.,1
Air conditioning failed during peak summer heat. Replacement parts took six weeks to arrive.,0
Unresponsive touchscreen display and navigation system frequently crashes during trips.,0
Poor build quality with noticeable exterior panel gaps and annoying window wind leaks.,0
Extremely noisy cabin at highway speeds and cheap rattling plastic dashboard panels.,0
Premium interior build quality with intuitive infotainment touch controls and crisp sound system.,1
Unresponsive touchscreen display and navigation system frequently crashes during trips.,0
Poor build quality with noticeable exterior panel gaps and annoying window wind leaks.,0
Air conditioning failed during peak summer heat. Replacement parts took six weeks to arrive.,0
Severe engine oil consumption and check engine light came on twice in three months.,0
Incredible electric range and instant torque response. Charging at home is seamless and fast.,1
Premium interior build quality with intuitive infotainment touch controls and crisp sound system.,1
Poor build quality with noticeable exterior panel gaps and annoying window wind leaks.,0
Terrible transmission hesitation and constant infotainment freezing. Regret buying this car.,0
Fantastic steering feedback and tight cornering grip. Truly a joy to drive every day.,1
Air conditioning failed during peak summer heat. Replacement parts took six weeks to arrive.,0
"Exceeded all my expectations for comfort, modern styling, and quiet highway performance.",1
Outstanding reliability and smooth transmission. Best vehicle purchase I have ever made.,1
Incredible electric range and instant torque response. Charging at home is seamless and fast.,1
Severe engine oil consumption and check engine light came on twice in three months.,0
Engine runs silky smooth with impressive fuel efficiency. Highly recommended for daily commuting.,1
Suspension is uncomfortably stiff over minor road bumps. Causes severe driver fatigue.,0
Terrible transmission hesitation and constant infotainment freezing. Regret buying this car.,0
Air conditioning failed during peak summer heat. Replacement parts took six weeks to arrive.,0
Spacious cargo capacity and generous legroom for the entire family. Five star vehicle!,1
Poor build quality with noticeable exterior panel gaps and annoying window wind leaks.,0
Incredible electric range and instant torque response. Charging at home is seamless and fast.,1
Terrible transmission hesitation and constant infotainment freezing. Regret buying this car.,0
Suspension is uncomfortably stiff over minor road bumps. Causes severe driver fatigue.,0
Unresponsive touchscreen display and navigation system frequently crashes during trips.,0
Suspension is uncomfortably stiff over minor road bumps. Causes severe driver fatigue.,0
Fuel mileage is nowhere near the advertised sticker rating. Very disappointing purchase.,0
Extremely noisy cabin at highway speeds and cheap rattling plastic dashboard panels.,0
Poor build quality with noticeable exterior panel gaps and annoying window wind leaks.,0
Terrible transmission hesitation and constant infotainment freezing. Regret buying this car.,0
Outstanding reliability and smooth transmission. Best vehicle purchase I have ever made.,1
Premium interior build quality with intuitive infotainment touch controls and crisp sound system.,1
Terrible transmission hesitation and constant infotainment freezing. Regret buying this car.,0
Outstanding reliability and smooth transmission. Best vehicle purchase I have ever made.,1
The acceleration and highway handling on this truck are phenomenal! Fuel economy exceeded expectations.,1
Spacious cargo capacity and generous legroom for the entire family. Five star vehicle!,1
Fuel mileage is nowhere near the advertised sticker rating. Very disappointing purchase.,0
Fuel mileage is nowhere near the advertised sticker rating. Very disappointing purchase.,0
Incredible electric range and instant torque response. Charging at home is seamless and fast.,1
Severe engine oil consumption and check engine light came on twice in three months.,0
Incredible electric range and instant torque response. Charging at home is seamless and fast.,1
Engine runs silky smooth with impressive fuel efficiency. Highly recommended for daily commuting.,1
Poor build quality with noticeable exterior panel gaps and annoying window wind leaks.,0
Air conditioning failed during peak summer heat. Replacement parts took six weeks to arrive.,0
The acceleration and highway handling on this SUV are phenomenal! Fuel economy exceeded expectations.,1
Suspension is uncomfortably stiff over minor road bumps. Causes severe driver fatigue.,0
Superb safety features and adaptive cruise control makes highway driving completely effortless.,1
Poor build quality with noticeable exterior panel gaps and annoying window wind leaks.,0
Air conditioning failed during peak summer heat. Replacement parts took six weeks to arrive.,0
Poor build quality with noticeable exterior panel gaps and annoying window wind leaks.,0
Poor build quality with noticeable exterior panel gaps and annoying window wind leaks.,0
Brakes squeal loudly after only 5000 miles. Dealership service was completely unhelpful.,0
The acceleration and highway handling on this crossover are phenomenal! Fuel economy exceeded expectations.,1
Brakes squeal loudly after only 5000 miles. Dealership service was completely unhelpful.,0
Fuel mileage is nowhere near the advertised sticker rating. Very disappointing purchase.,0
The acceleration and highway handling on this sedan are phenomenal! Fuel economy exceeded expectations.,1
The acceleration and highway handling on this hybrid are phenomenal! Fuel economy exceeded expectations.,1
"Smooth suspension, whisper quiet cabin, and very comfortable seats on long road trips.",1
The acceleration and highway handling on this hatchback are phenomenal! Fuel economy exceeded expectations.,1
Unresponsive touchscreen display and navigation system frequently crashes during trips.,0
Superb safety features and adaptive cruise control makes highway driving completely effortless.,1
Extremely noisy cabin at highway speeds and cheap rattling plastic dashboard panels.,0
Severe engine oil consumption and check engine light came on twice in three months.,0
Brakes squeal loudly after only 5000 miles. Dealership service was completely unhelpful.,0
Clutch slips under moderate acceleration and reverse gear frequently grinds. Avoid this model.,0
Severe engine oil consumption and check engine light came on twice in three months.,0
Suspension is uncomfortably stiff over minor road bumps. Causes severe driver fatigue.,0
"Exceeded all my expectations for comfort, modern styling, and quiet highway performance.",1
Extremely noisy cabin at highway speeds and cheap rattling plastic dashboard panels.,0
Fantastic steering feedback and tight cornering grip. Truly a joy to drive every day.,1
Suspension is uncomfortably stiff over minor road bumps. Causes severe driver fatigue.,0
Outstanding reliability and smooth transmission. Best vehicle purchase I have ever made.,1
Clutch slips under moderate acceleration and reverse gear frequently grinds. Avoid this model.,0
Severe engine oil consumption and check engine light came on twice in three months.,0
"Exceeded all my expectations for comfort, modern styling, and quiet highway performance.",1
Premium interior build quality with intuitive infotainment touch controls and crisp sound system.,1
Fantastic steering feedback and tight cornering grip. Truly a joy to drive every day.,1
Superb safety features and adaptive cruise control makes highway driving completely effortless.,1
Brakes squeal loudly after only 5000 miles. Dealership service was completely unhelpful.,0
The acceleration and highway handling on this hybrid are phenomenal! Fuel economy exceeded expectations.,1
Engine runs silky smooth with impressive fuel efficiency. Highly recommended for daily commuting.,1
Incredible electric range and instant torque response. Charging at home is seamless and fast.,1
Premium interior build quality with intuitive infotainment touch controls and crisp sound system.,1
Fantastic steering feedback and tight cornering grip. Truly a joy to drive every day.,1
Premium interior build quality with intuitive infotainment touch controls and crisp sound system.,1
Brakes squeal loudly after only 5000 miles. Dealership service was completely unhelpful.,0
Outstanding reliability and smooth transmission. Best vehicle purchase I have ever made.,1
The acceleration and highway handling on this SUV are phenomenal! Fuel economy exceeded expectations.,1
Superb safety features and adaptive cruise control makes highway driving completely effortless.,1
"Smooth suspension, whisper quiet cabin, and very comfortable seats on long road trips.",1
Premium interior build quality with intuitive infotainment touch controls and crisp sound system.,1
"Exceeded all my expectations for comfort, modern styling, and quiet highway performance.",1
Fantastic steering feedback and tight cornering grip. Truly a joy to drive every day.,1
Fantastic steering feedback and tight cornering grip. Truly a joy to drive every day.,1
Extremely noisy cabin at highway speeds and cheap rattling plastic dashboard panels.,0
"Smooth suspension, whisper quiet cabin, and very comfortable seats on long road trips.",1
Air conditioning failed during peak summer heat. Replacement parts took six weeks to arrive.,0
"Exceeded all my expectations for comfort, modern styling, and quiet highway performance.",1
Premium interior build quality with intuitive infotainment touch controls and crisp sound system.,1
Terrible transmission hesitation and constant infotainment freezing. Regret buying this car.,0
Unresponsive touchscreen display and navigation system frequently crashes during trips.,0
Clutch slips under moderate acceleration and reverse gear frequently grinds. Avoid this model.,0
"Exceeded all my expectations for comfort, modern styling, and quiet highway performance.",1
Spacious cargo capacity and generous legroom for the entire family. Five star vehicle!,1
Unresponsive touchscreen display and navigation system frequently crashes during trips.,0
Suspension is uncomfortably stiff over minor road bumps. Causes severe driver fatigue.,0
Fuel mileage is nowhere near the advertised sticker rating. Very disappointing purchase.,0
Air conditioning failed during peak summer heat. Replacement parts took six weeks to arrive.,0
"Smooth suspension, whisper quiet cabin, and very comfortable seats on long road trips.",1
"Exceeded all my expectations for comfort, modern styling, and quiet highway performance.",1
Terrible transmission hesitation and constant infotainment freezing. Regret buying this car.,0
Premium interior build quality with intuitive infotainment touch controls and crisp sound system.,1
Unresponsive touchscreen display and navigation system frequently crashes during trips.,0
Suspension is uncomfortably stiff over minor road bumps. Causes severe driver fatigue.,0
Incredible electric range and instant torque response. Charging at home is seamless and fast.,1
Suspension is uncomfortably stiff over minor road bumps. Causes severe driver fatigue.,0
Clutch slips under moderate acceleration and reverse gear frequently grinds. Avoid this model.,0
Superb safety features and adaptive cruise control makes highway driving completely effortless.,1
Fuel mileage is nowhere near the advertised sticker rating. Very disappointing purchase.,0
The acceleration and highway handling on this sedan are phenomenal! Fuel economy exceeded expectations.,1
Unresponsive touchscreen display and navigation system frequently crashes during trips.,0
Clutch slips under moderate acceleration and reverse gear frequently grinds. Avoid this model.,0
"Exceeded all my expectations for comfort, modern styling, and quiet highway performance.",1
Superb safety features and adaptive cruise control makes highway driving completely effortless.,1
Poor build quality with noticeable exterior panel gaps and annoying window wind leaks.,0
Air conditioning failed during peak summer heat. Replacement parts took six weeks to arrive.,0
Poor build quality with noticeable exterior panel gaps and annoying window wind leaks.,0
Engine runs silky smooth with impressive fuel efficiency. Highly recommended for daily commuting.,1
Suspension is uncomfortably stiff over minor road bumps. Causes severe driver fatigue.,0
Outstanding reliability and smooth transmission. Best vehicle purchase I have ever made.,1
Extremely noisy cabin at highway speeds and cheap rattling plastic dashboard panels.,0
Terrible transmission hesitation and constant infotainment freezing. Regret buying this car.,0
Extremely noisy cabin at highway speeds and cheap rattling plastic dashboard panels.,0
Brakes squeal loudly after only 5000 miles. Dealership service was completely unhelpful.,0
Clutch slips under moderate acceleration and reverse gear frequently grinds. Avoid this model.,0
Poor build quality with noticeable exterior panel gaps and annoying window wind leaks.,0
Fantastic steering feedback and tight cornering grip. Truly a joy to drive every day.,1
Poor build quality with noticeable exterior panel gaps and annoying window wind leaks.,0
Extremely noisy cabin at highway speeds and cheap rattling plastic dashboard panels.,0
Outstanding reliability and smooth transmission. Best vehicle purchase I have ever made.,1
Fantastic steering feedback and tight cornering grip. Truly a joy to drive every day.,1
Spacious cargo capacity and generous legroom for the entire family. Five star vehicle!,1
Fantastic steering feedback and tight cornering grip. Truly a joy to drive every day.,1
"Smooth suspension, whisper quiet cabin, and very comfortable seats on long road trips.",1
Spacious cargo capacity and generous legroom for the entire family. Five star vehicle!,1
"Exceeded all my expectations for comfort, modern styling, and quiet highway performance.",1
The acceleration and highway handling on this SUV are phenomenal! Fuel economy exceeded expectations.,1
Brakes squeal loudly after only 5000 miles. Dealership service was completely unhelpful.,0
Premium interior build quality with intuitive infotainment touch controls and crisp sound system.,1
Suspension is uncomfortably stiff over minor road bumps. Causes severe driver fatigue.,0
"Smooth suspension, whisper quiet cabin, and very comfortable seats on long road trips.",1
"Smooth suspension, whisper quiet cabin, and very comfortable seats on long road trips.",1
Clutch slips under moderate acceleration and reverse gear frequently grinds. Avoid this model.,0
Air conditioning failed during peak summer heat. Replacement parts took six weeks to arrive.,0
Extremely noisy cabin at highway speeds and cheap rattling plastic dashboard panels.,0
The acceleration and highway handling on this hatchback are phenomenal! Fuel economy exceeded expectations.,1
Clutch slips under moderate acceleration and reverse gear frequently grinds. Avoid this model.,0
Severe engine oil consumption and check engine light came on twice in three months.,0
Outstanding reliability and smooth transmission. Best vehicle purchase I have ever made.,1
"Exceeded all my expectations for comfort, modern styling, and quiet highway performance.",1
Terrible transmission hesitation and constant infotainment freezing. Regret buying this car.,0
"Smooth suspension, whisper quiet cabin, and very comfortable seats on long road trips.",1
Clutch slips under moderate acceleration and reverse gear frequently grinds. Avoid this model.,0
Outstanding reliability and smooth transmission. Best vehicle purchase I have ever made.,1
Terrible transmission hesitation and constant infotainment freezing. Regret buying this car.,0
Incredible electric range and instant torque response. Charging at home is seamless and fast.,1
Brakes squeal loudly after only 5000 miles. Dealership service was completely unhelpful.,0
Clutch slips under moderate acceleration and reverse gear frequently grinds. Avoid this model.,0
Fantastic steering feedback and tight cornering grip. Truly a joy to drive every day.,1
Premium interior build quality with intuitive infotainment touch controls and crisp sound system.,1
Fantastic steering feedback and tight cornering grip. Truly a joy to drive every day.,1
Incredible electric range and instant torque response. Charging at home is seamless and fast.,1
Incredible electric range and instant torque response. Charging at home is seamless and fast.,1
Terrible transmission hesitation and constant infotainment freezing. Regret buying this car.,0
Outstanding reliability and smooth transmission. Best vehicle purchase I have ever made.,1
Brakes squeal loudly after only 5000 miles. Dealership service was completely unhelpful.,0
Fuel mileage is nowhere near the advertised sticker rating. Very disappointing purchase.,0
Brakes squeal loudly after only 5000 miles. Dealership service was completely unhelpful.,0
Clutch slips under moderate acceleration and reverse gear frequently grinds. Avoid this model.,0
Premium interior build quality with intuitive infotainment touch controls and crisp sound system.,1
"Smooth suspension, whisper quiet cabin, and very comfortable seats on long road trips.",1
Spacious cargo capacity and generous legroom for the entire family. Five star vehicle!,1
"Exceeded all my expectations for comfort, modern styling, and quiet highway performance.",1
Incredible electric range and instant torque response. Charging at home is seamless and fast.,1
"Smooth suspension, whisper quiet cabin, and very comfortable seats on long road trips.",1
Unresponsive touchscreen display and navigation system frequently crashes during trips.,0
Clutch slips under moderate acceleration and reverse gear frequently grinds. Avoid this model.,0
Premium interior build quality with intuitive infotainment touch controls and crisp sound system.,1
"Smooth suspension, whisper quiet cabin, and very comfortable seats on long road trips.",1
Brakes squeal loudly after only 5000 miles. Dealership service was completely unhelpful.,0
Clutch slips under moderate acceleration and reverse gear frequently grinds. Avoid this model.,0
Poor build quality with noticeable exterior panel gaps and annoying window wind leaks.,0
Engine runs silky smooth with impressive fuel efficiency. Highly recommended for daily commuting.,1
Outstanding reliability and smooth transmission. Best vehicle purchase I have ever made.,1
Outstanding reliability and smooth transmission. Best vehicle purchase I have ever made.,1
Clutch slips under moderate acceleration and reverse gear frequently grinds. Avoid this model.,0
Severe engine oil consumption and check engine light came on twice in three months.,0
Engine runs silky smooth with impressive fuel efficiency. Highly recommended for daily commuting.,1
Brakes squeal loudly after only 5000 miles. Dealership service was completely unhelpful.,0
Terrible transmission hesitation and constant infotainment freezing. Regret buying this car.,0
Unresponsive touchscreen display and navigation system frequently crashes during trips.,0
Premium interior build quality with intuitive infotainment touch controls and crisp sound system.,1
"Smooth suspension, whisper quiet cabin, and very comfortable seats on long road trips.",1
Severe engine oil consumption and check engine light came on twice in three months.,0
Spacious cargo capacity and generous legroom for the entire family. Five star vehicle!,1
Unresponsive touchscreen display and navigation system frequently crashes during trips.,0
Superb safety features and adaptive cruise control makes highway driving completely effortless.,1
Terrible transmission hesitation and constant infotainment freezing. Regret buying this car.,0
Outstanding reliability and smooth transmission. Best vehicle purchase I have ever made.,1
Extremely noisy cabin at highway speeds and cheap rattling plastic dashboard panels.,0
Air conditioning failed during peak summer heat. Replacement parts took six weeks to arrive.,0
Premium interior build quality with intuitive infotainment touch controls and crisp sound system.,1
Poor build quality with noticeable exterior panel gaps and annoying window wind leaks.,0
Superb safety features and adaptive cruise control makes highway driving completely effortless.,1
Poor build quality with noticeable exterior panel gaps and annoying window wind leaks.,0
Unresponsive touchscreen display and navigation system frequently crashes during trips.,0
The acceleration and highway handling on this sedan are phenomenal! Fuel economy exceeded expectations.,1
Outstanding reliability and smooth transmission. Best vehicle purchase I have ever made.,1
Severe engine oil consumption and check engine light came on twice in three months.,0
Terrible transmission hesitation and constant infotainment freezing. Regret buying this car.,0
Incredible electric range and instant torque response. Charging at home is seamless and fast.,1
"Smooth suspension, whisper quiet cabin, and very comfortable seats on long road trips.",1
Air conditioning failed during peak summer heat. Replacement parts took six weeks to arrive.,0
Fantastic steering feedback and tight cornering grip. Truly a joy to drive every day.,1
Fantastic steering feedback and tight cornering grip. Truly a joy to drive every day.,1
Suspension is uncomfortably stiff over minor road bumps. Causes severe driver fatigue.,0
Suspension is uncomfortably stiff over minor road bumps. Causes severe driver fatigue.,0
Outstanding reliability and smooth transmission. Best vehicle purchase I have ever made.,1
Fantastic steering feedback and tight cornering grip. Truly a joy to drive every day.,1
"Smooth suspension, whisper quiet cabin, and very comfortable seats on long road trips.",1
Fuel mileage is nowhere near the advertised sticker rating. Very disappointing purchase.,0
Brakes squeal loudly after only 5000 miles. Dealership service was completely unhelpful.,0
The acceleration and highway handling on this sedan are phenomenal! Fuel economy exceeded expectations.,1
Unresponsive touchscreen display and navigation system frequently crashes during trips.,0
Brakes squeal loudly after only 5000 miles. Dealership service was completely unhelpful.,0
Brakes squeal loudly after only 5000 miles. Dealership service was completely unhelpful.,0
Incredible electric range and instant torque response. Charging at home is seamless and fast.,1
Clutch slips under moderate acceleration and reverse gear frequently grinds. Avoid this model.,0
Unresponsive touchscreen display and navigation system frequently crashes during trips.,0
Fantastic steering feedback and tight cornering grip. Truly a joy to drive every day.,1
Extremely noisy cabin at highway speeds and cheap rattling plastic dashboard panels.,0
Engine runs silky smooth with impressive fuel efficiency. Highly recommended for daily commuting.,1
Premium interior build quality with intuitive infotainment touch controls and crisp sound system.,1
Air conditioning failed during peak summer heat. Replacement parts took six weeks to arrive.,0
Superb safety features and adaptive cruise control makes highway driving completely effortless.,1
Poor build quality with noticeable exterior panel gaps and annoying window wind leaks.,0
Fuel mileage is nowhere near the advertised sticker rating. Very disappointing purchase.,0
Outstanding reliability and smooth transmission. Best vehicle purchase I have ever made.,1
"Smooth suspension, whisper quiet cabin, and very comfortable seats on long road trips.",1
Poor build quality with noticeable exterior panel gaps and annoying window wind leaks.,0
The acceleration and highway handling on this hybrid are phenomenal! Fuel economy exceeded expectations.,1
Fuel mileage is nowhere near the advertised sticker rating. Very disappointing purchase.,0
The acceleration and highway handling on this SUV are phenomenal! Fuel economy exceeded expectations.,1
Clutch slips under moderate acceleration and reverse gear frequently grinds. Avoid this model.,0
"Smooth suspension, whisper quiet cabin, and very comfortable seats on long road trips.",1
Brakes squeal loudly after only 5000 miles. Dealership service was completely unhelpful.,0
Fantastic steering feedback and tight cornering grip. Truly a joy to drive every day.,1
Engine runs silky smooth with impressive fuel efficiency. Highly recommended for daily commuting.,1
Engine runs silky smooth with impressive fuel efficiency. Highly recommended for daily commuting.,1
Poor build quality with noticeable exterior panel gaps and annoying window wind leaks.,0
Fuel mileage is nowhere near the advertised sticker rating. Very disappointing purchase.,0
Extremely noisy cabin at highway speeds and cheap rattling plastic dashboard panels.,0
Incredible electric range and instant torque response. Charging at home is seamless and fast.,1
Spacious cargo capacity and generous legroom for the entire family. Five star vehicle!,1
Suspension is uncomfortably stiff over minor road bumps. Causes severe driver fatigue.,0
Fantastic steering feedback and tight cornering grip. Truly a joy to drive every day.,1
Fantastic steering feedback and tight cornering grip. Truly a joy to drive every day.,1
"Exceeded all my expectations for comfort, modern styling, and quiet highway performance.",1
Incredible electric range and instant torque response. Charging at home is seamless and fast.,1
Premium interior build quality with intuitive infotainment touch controls and crisp sound system.,1
Clutch slips under moderate acceleration and reverse gear frequently grinds. Avoid this model.,0
"Smooth suspension, whisper quiet cabin, and very comfortable seats on long road trips.",1
Fantastic steering feedback and tight cornering grip. Truly a joy to drive every day.,1
Extremely noisy cabin at highway speeds and cheap rattling plastic dashboard panels.,0
The acceleration and highway handling on this SUV are phenomenal! Fuel economy exceeded expectations.,1
Fantastic steering feedback and tight cornering grip. Truly a joy to drive every day.,1
Unresponsive touchscreen display and navigation system frequently crashes during trips.,0
Engine runs silky smooth with impressive fuel efficiency. Highly recommended for daily commuting.,1
Suspension is uncomfortably stiff over minor road bumps. Causes severe driver fatigue.,0
Unresponsive touchscreen display and navigation system frequently crashes during trips.,0
Extremely noisy cabin at highway speeds and cheap rattling plastic dashboard panels.,0
Incredible electric range and instant torque response. Charging at home is seamless and fast.,1
Superb safety features and adaptive cruise control makes highway driving completely effortless.,1
Fuel mileage is nowhere near the advertised sticker rating. Very disappointing purchase.,0
Fantastic steering feedback and tight cornering grip. Truly a joy to drive every day.,1
Superb safety features and adaptive cruise control makes highway driving completely effortless.,1
Premium interior build quality with intuitive infotainment touch controls and crisp sound system.,1
Air conditioning failed during peak summer heat. Replacement parts took six weeks to arrive.,0
"Exceeded all my expectations for comfort, modern styling, and quiet highway performance.",1
Unresponsive touchscreen display and navigation system frequently crashes during trips.,0
Clutch slips under moderate acceleration and reverse gear frequently grinds. Avoid this model.,0
Terrible transmission hesitation and constant infotainment freezing. Regret buying this car.,0
Unresponsive touchscreen display and navigation system frequently crashes during trips.,0
Superb safety features and adaptive cruise control makes highway driving completely effortless.,1
Clutch slips under moderate acceleration and reverse gear frequently grinds. Avoid this model.,0
"Smooth suspension, whisper quiet cabin, and very comfortable seats on long road trips.",1
Extremely noisy cabin at highway speeds and cheap rattling plastic dashboard panels.,0
"Smooth suspension, whisper quiet cabin, and very comfortable seats on long road trips.",1
Outstanding reliability and smooth transmission. Best vehicle purchase I have ever made.,1
